{
  "version": "2022.2",
  "applications": [],
  "platforms": [
    {
      "name": "design_1_wrapper"
    }
  ],
  "systems": [
    {
      "name": "transfer_system",
      "platform": "/home/lubin/DeepEmbeddedEntomology/software/transfer/design_1_wrapper/export/design_1_wrapper/design_1_wrapper.xpfm",
      "sysConfig": "design_1_wrapper",
      "buildConfig": "Debug",
      "applications": [
        {
          "name": "transfer",
          "platform": "/home/lubin/DeepEmbeddedEntomology/software/transfer/design_1_wrapper/export/design_1_wrapper/design_1_wrapper.xpfm",
          "platformPath": "/home/lubin/DeepEmbeddedEntomology/software/transfer/design_1_wrapper/export/design_1_wrapper",
          "sysConfig": "design_1_wrapper",
          "domain": "standalone_ps7_cortexa9_0",
          "system": "transfer_system"
        }
      ],
      "platformPath": "/home/lubin/DeepEmbeddedEntomology/software/transfer/design_1_wrapper/export/design_1_wrapper"
    }
  ],
  "others": []
}